Sku,Price,Supplier
866201E000-HYUNDAI,3333,BestAuto
8177025561-HYUNDAI,341,BestAuto
817700U200-HYUNDAI,531,BestAuto
553101E200-BOGE,514,BestAuto
553101E200-SACHS,162,BestAuto
553101E300-HYUNDAI,333,BestAuto
553101E300-KAP,118,BestAuto
553004L000-HYUNDAI,158,BestAuto
5535025151-HYUNDAI,2066,BestAuto
5535025150-HYUNDAI,2160,BestAuto
5536025151-HYUNDAI,2149,BestAuto
5536025150-HYUNDAI,573,BestAuto
546501R000-HYUNDAI,110,BestAuto
546501E000-HYUNDAI,143,BestAuto
546501E200-CRB,9,BestAuto
546501E200-SACHS,32,BestAuto
546501E200-HYUNDAI,36,BestAuto
546501E200-KAP,19,BestAuto
,,