Model,Sku,Title,Price,supplier of products
Kia Ceed,866201H100-KIA,Rear bumper absorber,650,AutoMoto
Kia Ceed,865201H500-KIA,Front bumper absorber,3278,AutoMoto
Kia Ceed,865201H200-KIA,Front bumper absorber (center),3387,AutoMoto
Kia Ceed,4500023020-KIA,Automatic transmission in the zabor,5415,AutoMoto
Kia Ceed,4500023380-KIA,Automatic transmission in the zabor,125,AutoMoto
Kia Ceed,817701H510-OEM GERMANY,Rear Shock Absorber,101,AutoMoto
Kia Ceed,553101H101-KIA,Shock Absorber Back,65,AutoMoto
Kia Ceed,553101H101-SACHS,Shock Absorber Back,32,AutoMoto
Kia Ceed,553111H500-KIA,Shock Absorber Back (gas),30,AutoMoto
Kia Ceed,866111H100-KIA,Rear bumper,95,AutoMoto
Kia Ceed,866111H000-KIA,Rear bumper,1451,AutoMoto
Kia Ceed,866111H110-KIA,Rear bumper,587,AutoMoto
Kia Ceed,866111H210-KIA,Rear bumper under parktronic,1860,AutoMoto
Kia Ceed,986201H500-KIA,Windscreen washer reservoir,33,AutoMoto