Model,Sku,Title,Price
Kia Ceed,529101H500-KIA,Wheel R15 (5 1 / 2Jx15H2),2149
Kia Ceed,529101H500-OEM,Wheel R15 (5 1 / 2Jx15H2),684
Kia Ceed,529101H600-KIA,Wheel R16 (6Jx16),2226
Kia Ceed,4110023600-SECO,Clutch disc,1060
Kia Ceed,517121H000-HYUNDAI,Front brake disc,1606
Kia Ceed,865631H210-KIA,Rear fog light cap,78
Kia Ceed,865641H210-KIA,Blind fog light,78
Kia Ceed,811301H200-HYUNDAI,Hood lock,495
Kia Ceed,876201H750-KIA,Mirror right,1435
Kia Ceed,664001H000_XX-OEM_,Hood,1380
Kia Ceed,988121H000-KIA,The cap of the leash of the (rear),27
Kia Ceed,934902H200-HYUNDAI,Contact group AIR-BAG,1451
Kia Ceed,281112H000-HYUNDAI,Hull air. filter (top),219
Kia Ceed,281112H200-KIA,Hull air. filter (top),514